광역시도,시군구,선거인수,투표수,이재명,김문수,이준석,electionSum,electionRatio
서울특별시,종로구,125901,99261,47735,39574,9326,96635,97.35
서울특별시,중구,110181,87166,40482,36302,8450,85234,97.78
서울특별시,용산구,183614,143813,58705,67927,13794,140426,97.64
서울특별시,성동구,244536,196282,88028,84043,20217,192288,97.97
서울특별시,광진구,301007,239807,114304,94752,25469,234525,97.8
서울특별시,동대문구,307846,246264,117631,97549,25928,241108,97.91
서울특별시,중랑구,342360,267642,137420,102137,22923,262480,98.07
서울특별시,성북구,374002,300299,152624,111271,29394,293289,97.67
서울특별시,강북구,257971,198136,105780,72792,15575,194147,97.99
서울특별시,도봉구,272942,216499,110614,84148,17568,212330,98.07
서울특별시,노원구,430719,350440,176604,131061,35615,343280,97.96
서울특별시,은평구,411789,326136,171417,118639,28163,318219,97.57
서울특별시,서대문구,269110,216261,107451,81882,21264,210597,97.38
서울특별시,마포구,321302,260533,125049,101016,26948,253013,97.11
서울특별시,양천구,368029,299637,143686,122867,27234,293787,98.05
서울특별시,강서구,493010,392879,196256,149837,38416,384509,97.87
서울특별시,구로구,344220,278196,139034,108039,25433,272506,97.95
서울특별시,금천구,206121,161132,83102,58686,15979,157767,97.91
서울특별시,영등포구,335136,271596,123593,111861,29911,265365,97.71
서울특별시,동작구,337985,275295,128028,111735,29432,269195,97.78
서울특별시,관악구,446923,350839,171149,126951,43385,341485,97.33
서울특별시,서초구,345855,280913,94722,153536,27500,275758,98.16
서울특별시,강남구,472730,373762,119722,210177,37564,367463,98.31
서울특별시,송파구,561654,458526,191678,212094,46194,449966,98.13
서울특별시,강동구,428942,350292,160645,149529,33664,343838,98.16
부산광역시,중구,35284,26223,9784,14167,1861,25812,98.43
부산광역시,서구,92886,71591,26800,38496,5081,70377,98.3
부산광역시,동구,77893,59632,22744,31875,4061,58680,98.4
부산광역시,영도구,93909,70342,29962,35217,4133,69312,98.54
부산광역시,부산진구,325663,252934,101093,126802,20697,248592,98.28
부산광역시,동래구,235338,189601,74245,97629,14656,186530,98.38
부산광역시,남구,222856,176630,69214,91037,13662,173913,98.46
부산광역시,북구,234995,187682,77258,93564,13884,184706,98.41
부산광역시,해운대구,325211,255777,97486,135755,18806,252047,98.54
부산광역시,기장군,145228,112103,48742,53493,8181,110416,98.5
부산광역시,사하구,258595,199077,82504,99642,13814,195960,98.43
부산광역시,금정구,188148,149515,55470,79737,11899,147106,98.39
부산광역시,강서구,112618,89257,40580,40065,7254,87899,98.48
부산광역시,연제구,184908,148025,58466,75594,11530,145590,98.36
부산광역시,수영구,153669,119331,44558,63669,9057,117284,98.28
부산광역시,사상구,178351,138035,56307,69496,9897,135700,98.31
대구광역시,중구,85181,68687,16317,44323,6934,67574,98.38
대구광역시,동구,300119,240878,57694,160000,19509,237203,98.47
대구광역시,서구,147381,114567,21840,83588,7554,112982,98.62
대구광역시,남구,125079,96240,20940,66687,7096,94723,98.42
대구광역시,북구,358624,287673,68670,189776,24603,283049,98.39
대구광역시,수성구,346438,284576,65324,189622,25604,280550,98.59
대구광역시,달서구,452664,364667,83001,246446,29887,359334,98.54
대구광역시,달성군,212190,168018,42728,109225,13515,165468,98.48
대구광역시,군위군,21402,17745,2616,14246,674,17536,98.82
인천광역시,중구,146414,110897,57340,40941,10655,108936,98.23
인천광역시,동구,51663,40799,20014,17018,2891,39923,97.85
인천광역시,미추홀구,366830,273289,136342,108442,23356,268140,98.12
인천광역시,연수구,332596,268737,128989,108641,26485,264115,98.28
인천광역시,남동구,421631,326991,168404,125604,26957,320965,98.16
인천광역시,부평구,435944,339541,178154,125578,29201,332933,98.05
인천광역시,계양구,248733,194728,106747,69027,15369,191143,98.16
인천광역시,서구,533584,417136,223841,147562,38226,409629,98.2
인천광역시,강화군,63399,48634,19095,26323,2497,47915,98.52
인천광역시,옹진군,18554,14603,5369,7816,1102,14287,97.84
광주광역시,동구,92286,77545,63684,7402,5212,76298,98.39
광주광역시,서구,240133,200340,168407,16782,12238,197427,98.55
광주광역시,남구,176412,149219,126148,12337,8635,147120,98.59
광주광역시,북구,362472,304117,257145,23544,18674,299363,98.44
광주광역시,광산구,323168,270928,229298,19872,17345,266515,98.37
대전광역시,동구,194244,148238,70915,62048,12499,145462,98.13
대전광역시,중구,196407,152894,71677,65844,12510,150031,98.13
대전광역시,서구,396043,310477,148720,124865,30731,304316,98.02
대전광역시,유성구,307342,251223,123402,93434,29350,246186,98.0
대전광역시,대덕구,147846,114777,55607,47358,9634,112599,98.1
울산광역시,중구,178000,143233,56743,72445,11302,140490,98.08
울산광역시,남구,263759,211142,81512,106707,18960,207179,98.12
울산광역시,동구,126811,100387,47822,41934,8034,97790,97.41
울산광역시,북구,176478,143084,69055,57703,12795,139553,97.53
울산광역시,울주군,189461,150104,60688,74391,12086,147165,98.04
세종특별자치시,세종특별자치시,307067,254695,140620,83965,25004,249589,98.0
경기도,수원시장안구,238889,193748,98188,72781,19284,190253,98.2
경기도,수원시권선구,313951,246530,127809,91049,23247,242105,98.21
경기도,수원시팔달구,172558,133880,64971,52733,13752,131456,98.19
경기도,수원시영통구,301242,250748,122204,92635,31281,246120,98.15
경기도,성남시수정구,208154,166071,89700,59467,14371,163538,98.47
경기도,성남시중원구,184068,146706,83821,49360,11240,144421,98.44
경기도,성남시분당구,397014,332152,146248,147997,32522,326767,98.38
경기도,의정부시,402095,310907,167551,113085,24918,305554,98.28
경기도,안양시만안구,208500,168381,86561,64294,14671,165526,98.3
경기도,안양시동안구,279415,235876,118064,90041,23637,231742,98.25
경기도,부천시원미구,341688,273444,145748,99296,23394,268438,98.17
경기도,부천시소사구,197016,159574,86560,58163,11989,156712,98.21
경기도,부천시오정구,136399,104812,59047,36313,7710,103070,98.34
경기도,광명시,244138,203585,107527,74375,18088,199990,98.23
경기도,평택시,506849,381944,193007,147716,34980,375703,98.37
경기도,양주시,245241,188275,101884,68936,14502,185322,98.43
경기도,동두천시,76927,56479,28433,23681,3515,55629,98.5
경기도,안산시상록구,287897,219638,120273,76645,18829,215747,98.23
경기도,안산시단원구,255796,197056,107188,68865,17464,193517,98.2
경기도,고양시덕양구,424683,341499,183659,122394,28962,335015,98.1
경기도,고양시일산동구,255448,201343,103306,77368,17098,197772,98.23
경기도,고양시일산서구,243541,196109,101911,74746,16030,192687,98.26
경기도,과천시,68790,58928,24871,26993,5843,57707,97.93
경기도,의왕시,133116,111014,55305,43930,9920,109155,98.33
경기도,구리시,162776,130757,66685,50865,11064,128614,98.36
경기도,남양주시,617951,484777,261539,179144,36668,477351,98.47
경기도,오산시,205448,155805,84959,53092,15019,153070,98.24
경기도,화성시갑,443085,343800,183357,122959,31998,338314,98.4
경기도,화성시을,347519,289895,151555,93407,40321,285283,98.41
경기도,시흥시,433899,340271,193157,112317,29223,334697,98.36
경기도,군포시,222936,182598,95725,67312,16293,179330,98.21
경기도,하남시,272865,221808,111702,87145,19452,218299,98.42
경기도,파주시,433087,336478,184505,120301,26026,330832,98.32
경기도,여주시,101401,77007,34563,36480,4719,75762,98.38
경기도,이천시,191335,145722,69247,61729,12272,143248,98.3
경기도,용인시처인구,241014,185635,94272,72736,15623,182631,98.38
경기도,용인시수지구,309712,259590,123133,107662,24709,255504,98.43
경기도,용인시기흥구,366811,300822,151811,117427,27002,296240,98.48
경기도,안성시,170398,128072,64519,51929,9541,125989,98.37
경기도,김포시,398834,315636,167675,117969,25186,310830,98.48
경기도,광주시,339630,263384,144804,96824,18138,259766,98.63
경기도,포천시,127307,95668,45328,42497,6300,94125,98.39
경기도,연천군,36974,28660,12152,13973,2011,28136,98.17
경기도,양평군,112680,88712,38679,43611,5004,87294,98.4
경기도,가평군,56266,43652,17945,22378,2619,42942,98.37
강원특별자치도,춘천시,247155,194624,89204,83911,17805,190920,98.1
강원특별자치도,원주시,309973,238713,113158,100988,20200,234346,98.17
강원특별자치도,강릉시,183191,139882,57546,69408,10578,137532,98.32
강원특별자치도,동해시,75688,57784,24197,28536,4072,56805,98.31
강원특별자치도,삼척시,55205,43735,16959,23059,2961,42979,98.27
강원특별자치도,태백시,33422,25989,10894,13277,1430,25601,98.51
강원특별자치도,정선군,30577,24019,10241,12195,1219,23655,98.48
강원특별자치도,속초시,70334,52747,23389,24910,3598,51897,98.39
강원특별자치도,고성군,24393,19289,7890,9835,1237,18962,98.3
강원특별자치도,양양군,24980,19670,8061,10304,1017,19382,98.54
강원특별자치도,인제군,27383,21666,9136,10099,1964,21199,97.84
강원특별자치도,홍천군,59907,46624,19301,23549,2962,45812,98.26
강원특별자치도,횡성군,41725,32863,13347,17208,1769,32324,98.36
강원특별자치도,영월군,33250,26302,11089,13400,1395,25884,98.41
강원특별자치도,평창군,36753,28718,11594,14937,1728,28259,98.4
강원특별자치도,화천군,20014,15736,6260,7734,1401,15395,97.83
강원특별자치도,양구군,17713,13999,5706,6778,1240,13724,98.04
강원특별자치도,철원군,35356,27047,11189,13232,2128,26549,98.16
충청북도,청주시상당구,167297,130134,63093,53983,10648,127724,98.15
충청북도,청주시서원구,158412,123534,58100,51715,11315,121130,98.05
충청북도,청주시흥덕구,242536,186815,91724,72187,19240,183151,98.04
충청북도,청주시청원구,158716,122262,61240,47301,11453,119994,98.14
충청북도,충주시,181665,140253,64128,62940,10909,137977,98.38
충청북도,제천시,113975,88820,39127,42170,5997,87294,98.28
충청북도,단양군,25010,19901,7645,10874,1080,19599,98.48
충청북도,영동군,39554,30824,12321,16217,1730,30268,98.2
충청북도,보은군,27900,22071,9194,11344,1124,21662,98.15
충청북도,옥천군,43863,34403,15013,16673,2045,33731,98.05
충청북도,음성군,81862,60942,29604,26136,4132,59872,98.24
충청북도,진천군,72896,54924,28558,21155,4205,53918,98.17
충청북도,괴산군,33528,26680,10858,14080,1252,26190,98.16
충청북도,증평군,31928,23995,11385,10290,1854,23529,98.06
충청남도,천안시서북구,335343,253456,126874,95629,26081,248584,98.08
충청남도,천안시동남구,225516,171143,82181,71043,14806,168030,98.18
충청남도,공주시,91037,70133,31344,32935,4688,68967,98.34
충청남도,보령시,82897,63959,27091,31871,3942,62904,98.35
충청남도,아산시,294314,223210,113159,85540,20368,219067,98.14
충청남도,서산시,148454,111724,53345,47476,8859,109680,98.17
충청남도,태안군,54627,41577,17816,20762,2318,40896,98.36
충청남도,금산군,44528,33981,15073,16504,1867,33444,98.42
충청남도,논산시,95971,72078,34802,31519,4517,70838,98.28
충청남도,계룡시,37839,31069,14410,13332,2810,30552,98.34
충청남도,당진시,146196,109473,54989,45028,7605,107622,98.31
충청남도,부여군,54218,41724,17181,21621,2246,41048,98.38
충청남도,서천군,44051,33500,15339,15893,1701,32933,98.31
충청남도,홍성군,86128,65728,29489,30273,4675,64437,98.04
충청남도,청양군,27165,20925,8088,11213,1254,20555,98.23
충청남도,예산군,71055,53841,20135,29469,3355,52959,98.36
전북특별자치도,전주시완산구,277170,229260,185225,25513,14887,225625,98.41
전북특별자치도,전주시덕진구,261733,218707,176031,23805,15268,215104,98.35
전북특별자치도,군산시,221550,178956,145384,21599,9493,176476,98.61
전북특별자치도,익산시,234688,191022,156006,21426,10657,188089,98.46
전북특별자치도,정읍시,90401,74050,63097,6624,3133,72854,98.38
전북특별자치도,남원시,66857,55525,47213,5125,2193,54531,98.21
전북특별자치도,김제시,73203,60124,50871,5885,2454,59210,98.48
전북특별자치도,완주군,86947,72595,59889,7592,3783,71264,98.17
전북특별자치도,진안군,22236,18770,15601,2107,742,18450,98.3
전북특별자치도,무주군,20899,17383,13395,2876,785,17056,98.12
전북특별자치도,장수군,18588,15605,13085,1661,567,15313,98.13
전북특별자치도,임실군,23342,19553,16678,1849,686,19213,98.26
전북특별자치도,순창군,24184,20930,17922,1884,750,20556,98.21
전북특별자치도,고창군,45723,38187,32692,3515,1324,37531,98.28
전북특별자치도,부안군,43387,35432,30183,3535,1239,34957,98.66
전라남도,목포시,177671,144796,125013,11226,6461,142700,98.55
전라남도,여수시,231349,191764,162538,16736,9896,189170,98.65
전라남도,순천시,234321,197762,165671,17828,11461,194960,98.58
전라남도,나주시,99973,84341,71784,6806,4371,82961,98.36
전라남도,광양시,131128,108351,86658,12945,7220,106823,98.59
전라남도,담양군,40385,34045,29833,2456,1276,33565,98.59
전라남도,장성군,38328,32243,27774,2678,1326,31778,98.56
전라남도,곡성군,24642,20660,17677,1806,724,20207,97.81
전라남도,구례군,21975,18821,16019,1879,627,18525,98.43
전라남도,고흥군,55564,46747,40708,3968,1304,45980,98.36
전라남도,보성군,34072,28551,24790,2415,864,28069,98.31
전라남도,화순군,54306,45541,39811,3159,1842,44812,98.4
전라남도,장흥군,31153,26253,22956,2021,819,25796,98.26
전라남도,강진군,28924,24388,20809,2278,849,23936,98.15
전라남도,완도군,40521,34654,30888,2152,1058,34098,98.4
전라남도,해남군,56611,48054,42205,3496,1576,47277,98.38
전라남도,진도군,25634,21675,18814,1702,780,21296,98.25
전라남도,영암군,45634,37337,32195,3006,1466,36667,98.21
전라남도,무안군,77728,65905,56222,5103,3479,64804,98.33
전라남도,영광군,46202,38202,32618,3172,1823,37613,98.46
전라남도,함평군,27478,23234,20528,1584,713,22825,98.24
전라남도,신안군,35832,30041,26430,2208,887,29525,98.28
경상북도,포항시북구,233819,187038,49724,120983,13386,184093,98.43
경상북도,포항시남구,189163,147128,39332,94527,10809,144668,98.33
경상북도,울릉군,8412,6716,1814,4351,454,6619,98.56
경상북도,경주시,217320,172873,45754,112844,10753,169351,97.96
경상북도,김천시,117773,93605,23343,62634,6209,92186,98.48
경상북도,안동시,136331,108216,33560,65739,7050,106349,98.27
경상북도,구미시,338629,259989,72584,160141,22956,255681,98.34
경상북도,영주시,86901,68942,18860,45015,3953,67828,98.38
경상북도,영천시,87894,69766,14223,51359,3209,68791,98.6
경상북도,상주시,81951,65682,14270,46856,3496,64622,98.39
경상북도,문경시,59787,47655,10266,34287,2337,46890,98.39
경상북도,예천군,46657,38177,10039,25065,2336,37440,98.07
경상북도,경산시,232652,182130,44160,120563,14420,179143,98.36
경상북도,청도군,37770,30244,6045,22480,1273,29798,98.53
경상북도,고령군,27768,22163,4130,16684,990,21804,98.38
경상북도,성주군,38236,31647,5989,23775,1416,31180,98.52
경상북도,칠곡군,92234,69654,18246,45689,4605,68540,98.4
경상북도,의성군,45733,37276,6725,28522,1442,36689,98.43
경상북도,청송군,22070,18250,3789,13348,797,17934,98.27
경상북도,영양군,14161,11615,2848,8104,484,11436,98.46
경상북도,영덕군,30579,24558,4407,18780,972,24159,98.38
경상북도,봉화군,26412,21210,5248,14719,888,20855,98.33
경상북도,울진군,41362,32830,7327,23129,1859,32315,98.43
경상남도,창원시의창구,181085,144279,54737,74483,12091,141311,97.94
경상남도,창원시성산구,208940,171376,69874,80619,16676,167169,97.55
경상남도,창원시마산합포구,154518,121931,40797,70653,8305,119755,98.22
경상남도,창원시마산회원구,156251,125065,43522,70165,9012,122699,98.11
경상남도,창원시진해구,157266,122023,49732,60152,9813,119697,98.09
경상남도,진주시,289796,231564,80491,127358,19197,227046,98.05
경상남도,통영시,102203,79149,27921,45078,4765,77764,98.25
경상남도,고성군,43287,33580,10744,20573,1662,32979,98.21
경상남도,사천시,94356,73114,25242,41495,4949,71686,98.05
경상남도,김해시,448630,347546,164796,147543,28524,340863,98.08
경상남도,밀양시,90650,69757,23125,41676,3783,68584,98.32
경상남도,거제시,192259,146586,69037,63490,10928,143455,97.86
경상남도,의령군,23294,18214,5421,11559,832,17812,97.79
경상남도,함안군,51990,40601,13802,23755,2275,39832,98.11
경상남도,창녕군,50638,38724,11013,25310,1760,38083,98.34
경상남도,양산시,303506,236806,105053,109649,17859,232561,98.21
경상남도,하동군,37540,30092,10904,17035,1492,29431,97.8
경상남도,남해군,36504,28758,9931,16808,1377,28116,97.77
경상남도,함양군,32702,25848,8489,15503,1321,25313,97.93
경상남도,산청군,30968,24668,7478,15548,1130,24156,97.92
경상남도,거창군,52316,41373,12623,25259,2640,40522,97.94
경상남도,합천군,37329,28935,7001,20132,1188,28321,97.88
제주특별자치도,제주시,409912,306685,169119,102224,27522,298865,97.45
제주특별자치도,서귀포시,155343,114891,59610,43066,9387,112063,97.54
