회사명,연봉,경력,공고제목,등록일,마감일
주식회사마더웍스,월급250만원이상,경력무관,[마더웍스]온라인물류/CS담당자채용,등록일:2025-07-10,마감일:2025-09-09
한라대학교,월급230만원~230만원,경력무관,한라대학교학생생활상담센터상담사계약직원채용공고,등록일:2025-07-10,마감일:2025-07-20
연세대학교원주산학협력단,월급250만원~350만원,경력무관,연세대학교원주산학협력단행정본부채용공고,등록일:2025-07-10,마감일:2025-07-16
대전튼튼의원,"연봉3,400만원~4,000만원",경력무관,대전동구방사선사구인합니다.(원무행정처음부터가르쳐드립니다...,등록일:2025-07-10,마감일:2025-07-23
(주)에이스그린텍,"연봉2,600만원이상",경력무관,성실한영업지원사무직사원을모집합니다,등록일:2025-07-10,마감일:2025-07-31
상지대학교,월급210만원~210만원,경력무관,계약직원채용공고_국제교육원,등록일:2025-07-10,마감일:2025-07-17
주식회사태산씨앤에스,월급230만원~320만원,경력2년,통신공사공무모집,등록일:2025-07-10,마감일:2025-09-09
주식회사씨유테크,"연봉2,700만원~3,000만원",신입,"전기설계,감리사무보조모집합니다",등록일:2025-07-10,마감일:2025-08-31
슈마케미아주식회사,"연봉2,940만원~2,940만원",경력무관,영업파트사무원모집,등록일:2025-07-10,마감일:2025-07-31
덕원산업（주）,월급280만원~320만원,경력무관,관리직사원모집,등록일:2025-07-10,마감일:2025-09-07
주식회사마더웍스,월급250만원이상,경력무관,[마더웍스]온라인물류/CS담당자채용,등록일:2025-07-10,마감일:2025-09-09
한라대학교,월급230만원~230만원,경력무관,한라대학교학생생활상담센터상담사계약직원채용공고,등록일:2025-07-10,마감일:2025-07-20
연세대학교원주산학협력단,월급250만원~350만원,경력무관,연세대학교원주산학협력단행정본부채용공고,등록일:2025-07-10,마감일:2025-07-16
대전튼튼의원,"연봉3,400만원~4,000만원",경력무관,대전동구방사선사구인합니다.(원무행정처음부터가르쳐드립니다...,등록일:2025-07-10,마감일:2025-07-23
(주)에이스그린텍,"연봉2,600만원이상",경력무관,성실한영업지원사무직사원을모집합니다,등록일:2025-07-10,마감일:2025-07-31
상지대학교,월급210만원~210만원,경력무관,계약직원채용공고_국제교육원,등록일:2025-07-10,마감일:2025-07-17
주식회사태산씨앤에스,월급230만원~320만원,경력2년,통신공사공무모집,등록일:2025-07-10,마감일:2025-09-09
주식회사씨유테크,"연봉2,700만원~3,000만원",신입,"전기설계,감리사무보조모집합니다",등록일:2025-07-10,마감일:2025-08-31
슈마케미아주식회사,"연봉2,940만원~2,940만원",경력무관,영업파트사무원모집,등록일:2025-07-10,마감일:2025-07-31
덕원산업（주）,월급280만원~320만원,경력무관,관리직사원모집,등록일:2025-07-10,마감일:2025-09-07
주식회사마더웍스,월급250만원이상,경력무관,[마더웍스]온라인물류/CS담당자채용,등록일:2025-07-10,마감일:2025-09-09
한라대학교,월급230만원~230만원,경력무관,한라대학교학생생활상담센터상담사계약직원채용공고,등록일:2025-07-10,마감일:2025-07-20
연세대학교원주산학협력단,월급250만원~350만원,경력무관,연세대학교원주산학협력단행정본부채용공고,등록일:2025-07-10,마감일:2025-07-16
대전튼튼의원,"연봉3,400만원~4,000만원",경력무관,대전동구방사선사구인합니다.(원무행정처음부터가르쳐드립니다...,등록일:2025-07-10,마감일:2025-07-23
(주)에이스그린텍,"연봉2,600만원이상",경력무관,성실한영업지원사무직사원을모집합니다,등록일:2025-07-10,마감일:2025-07-31
상지대학교,월급210만원~210만원,경력무관,계약직원채용공고_국제교육원,등록일:2025-07-10,마감일:2025-07-17
주식회사태산씨앤에스,월급230만원~320만원,경력2년,통신공사공무모집,등록일:2025-07-10,마감일:2025-09-09
주식회사씨유테크,"연봉2,700만원~3,000만원",신입,"전기설계,감리사무보조모집합니다",등록일:2025-07-10,마감일:2025-08-31
슈마케미아주식회사,"연봉2,940만원~2,940만원",경력무관,영업파트사무원모집,등록일:2025-07-10,마감일:2025-07-31
덕원산업（주）,월급280만원~320만원,경력무관,관리직사원모집,등록일:2025-07-10,마감일:2025-09-07
주식회사이투지,월급210만원~230만원,경력무관,경영관리사무보조직원모집,등록일:2025-07-10,마감일:2025-09-09
주식회사원더윅스컴퍼니,월급210만원~210만원,신입,[80억투자]No.1키즈여행·액티비티서비스맘맘,등록일:2025-07-10,마감일:2025-09-09
보은군실버복지관,월급215만원~215만원,경력무관,보은군실버복지관일반사무직모집공고,등록일:2025-07-10,마감일:2025-07-14
주식회사아울,상여별도120%,경력3년,면세브랜드운영담당자모집,등록일:2025-07-10,마감일:2025-07-24
（주）씨월드,"연봉3,600만원~4,500만원",경력2년,(주)씨월드_티각태각_경영지원팀대리급경력직채용,등록일:2025-07-10,마감일:2025-09-09
주식회사코멕스플래닝,"연봉2,800만원~3,200만원",경력1년,경리.회계담당직원모집,등록일:2025-07-10,마감일:2025-09-08
(사)경북경영자총협회,"연봉3,000만원~3,600만원",경력무관,경북지역인적자원개발위원회일자리전략부연구원채용,등록일:2025-07-10,마감일:2025-07-22
하늘감마을주식회사농업회사법인,상여별도50%,신입,"일반사무직(신입,경력)",등록일:2025-07-10,마감일:2025-09-09
창원삼성요양병원,"연봉3,500만원이상",경력1년,창원삼성요양병원원무행정모집합니다.,등록일:2025-07-10,마감일:2025-07-24
(주)에코,"연봉2,510만원이상",경력3년,경리및영업지원,등록일:2025-07-10,마감일:2025-07-24
(주)큐비인텔리전스,"연봉3,000만원~3,500만원",경력무관,항만및물류관련연구를함께할연구직모집합니다.,등록일:2025-07-10,마감일:2025-09-09
록산에버그린주식회사,월급260만원이상,경력2년,록산에버그린(주)인사담당자경력직모집합니다,등록일:2025-07-10,마감일:2025-07-31
주식회사토암콘크리트,"연봉2,800만원~3,000만원",경력무관,영업관리팀(사무직)인재분찾고있습니다.,등록일:2025-07-10,마감일:2025-09-08
주식회사토암콘크리트,"연봉2,800만원~3,000만원",경력무관,영업관리팀(사무직)인재분찾고있습니다.,등록일:2025-07-10,마감일:2025-09-09
주식회사태흥테크,"연봉3,000만원이상",신입,원가팀사무직신입사원채용,등록일:2025-07-10,마감일:2025-09-09
주식회사윤진이엔씨,"연봉3,000만원~3,500만원",경력1년,회계/인사/총무경력직모집,등록일:2025-07-10,마감일:2025-09-09
주식회사삼호기술공사,월급280만원이상,경력무관,"총무직1명,경리직1명,운전기사1명을찾습니다.",등록일:2025-07-10,마감일:2025-09-09
주식회사지에이치에스네트웍스,월급240만원~260만원,경력3년,"GHS네트웍스경력경영지원사무원(총무,경리등)공고",등록일:2025-07-10,마감일:2025-07-24
충청북도장애인체육회,월급258만원이상,경력2년,충청북도장애인체육회장애인생활체육지도자운영팀장(대체근로)공개채용...,등록일:2025-07-10,마감일:2025-07-21
(주)광명연마,"연봉4,800만원~4,800만원",경력5년,"영업,생산관리직",등록일:2025-07-10,마감일:2025-07-31
"정운테크주식회사(JUNGWOONTECHCo.,Ltd.)",월급220만원~240만원,경력1년,사무직사원모집합니다.,등록일:2025-07-10,마감일:2025-07-19
충북개인택시운송사업조합,월급210만원이상,신입,사무직원모집,등록일:2025-07-10,마감일:2025-07-20
파주시민요양원,상여별도600%,경력1년,파주시민요양원에서사무원모집합니다.,등록일:2025-07-10,마감일:2025-07-26
대구해바라기센터（아동）,월급220만원이상,신입,대구해바라기센터(아동)행정원채용긴급공고,등록일:2025-07-10,마감일:2025-07-14
법무법인(유한)정인,월급213만원이상,신입,법률사무보조원,등록일:2025-07-10,마감일:2025-09-09
주식회사사이니지솔루션,월급215만원~215만원,경력무관,(주)사이니지솔루션사무및회계지원채용-채용대행서비스,등록일:2025-07-10,마감일:2025-09-09
신구미개발(주),"연봉2,700만원~2,800만원",경력무관,구미컨트리클럽직원모집공고,등록일:2025-07-10,마감일:2025-08-08
주식회사삼성라코스산업안전,"연봉3,000만원~3,000만원",경력무관,온라인판매고객상담접수및사무보조담당채용,등록일:2025-07-10,마감일:2025-07-24
주식회사와이투어앤골프,"연봉2,600만원~2,800만원",경력2년,경영지원팀HR담당자경력직채용,등록일:2025-07-10,마감일:2025-08-10
협성화학섬유(주),월급250만원이상,경력무관,단순사무업무직원모집(1년기간제계약직근로자구인),등록일:2025-07-10,마감일:2025-09-09
