0,1,2,3,4,5
신한금융플러스주식회사,"연봉3,000만원~3,500만원",경력3년,[신한금융플러스]GA지사보험총무경력직원모집(청주흥덕구),등록일:2025-07-10,마감일:2025-09-09
영광함평신용협동조합,"연봉3,600만원~3,600만원",경력10년,영광함평신협경력직직원(팀장급)채용공고,등록일:2025-07-10,마감일:2025-07-25
(주)넥스젠파이낸스대부,"연봉3,000만원~3,000만원",신입,[구로디지털단지역인근]채권관리팀정규직모집(영업전화x),등록일:2025-07-10,마감일:2025-08-09
(주)엔씨파이낸스대부,"연봉3,000만원~3,000만원",신입,[구디역인근]대출심사팀사무원신입정규직채용(영업전화X),등록일:2025-07-10,마감일:2025-08-09
(주)엔씨파이낸스대부,"연봉3,000만원~3,000만원",신입,[구로디지털단지역인근]법률사무원신입채용,등록일:2025-07-10,마감일:2025-08-09
㈜노블마리아주,"연봉3,000만원~3,000만원",경력무관,결혼정보회사(주)노블마리아주경영지원채용모집,등록일:2025-07-09,마감일:2025-08-09
㈜디에스경제연구소,"연봉3,600만원~3,600만원",경력무관,[디에스경제연구소]주식애널리스트기업가치분석유튜브/정규직,등록일:2025-07-09,마감일:2025-09-07
㈜디에스경제연구소,"연봉3,600만원~3,600만원",경력무관,[디에스경제연구소]주식애널리스트유튜브경력/신입채용/...,등록일:2025-07-09,마감일:2025-08-08
（주）경남은행,"연봉2,800만원~2,800만원",경력무관,BNK경남은행영업그룹사무행원신규채용(진주),등록일:2025-07-08,마감일:2025-07-17
（주）경남은행,"연봉2,800만원~2,800만원",경력무관,BNK경남은행영업그룹사무행원신규채용(울산),등록일:2025-07-08,마감일:2025-07-17
