iter	MultiClass
0	1.104096927
1	0.9141189634
2	0.7730283967
3	0.6630345568
4	0.5743410291
5	0.501217041
6	0.439922993
7	0.3877263518
8	0.3429459906
9	0.3044463822
10	0.2709153014
11	0.2416055363
12	0.2158184197
13	0.1932336342
14	0.1732039917
15	0.155388057
16	0.1396222883
17	0.1255691269
18	0.1130391732
19	0.1018323919
20	0.0918477776
21	0.08288342783
22	0.07484371157
23	0.06759325868
24	0.06109639446
25	0.05526221343
26	0.05003105681
27	0.04534761653
28	0.04109076792
29	0.0372709425
30	0.03380590968
31	0.03069340918
32	0.02785715803
33	0.02534147226
34	0.02302715705
35	0.0209569196
36	0.01907700214
37	0.01740184442
38	0.01590745502
39	0.01453603624
40	0.01329074429
41	0.01215089634
42	0.01111793732
43	0.01018226478
44	0.009339006614
45	0.008602670595
46	0.007923478569
47	0.007320509253
48	0.00675297419
49	0.006227484953
50	0.005755830919
51	0.005325325084
52	0.004948431025
53	0.004591422314
54	0.004275228198
55	0.003989729275
56	0.003760645259
57	0.003540674892
58	0.003342141899
59	0.003207017817
60	0.003008168609
61	0.002830402868
62	0.002668447067
63	0.002535528845
64	0.002451462475
65	0.002342711294
66	0.002257015023
67	0.002164667457
68	0.002062450449
69	0.001992597695
70	0.001894768849
71	0.001802794126
72	0.001747549289
73	0.00166879599
74	0.001606684242
75	0.001535134417
76	0.001473274299
77	0.001437173085
78	0.001388833337
79	0.001348743051
80	0.001306730599
81	0.001267789621
82	0.001220653157
83	0.001197841484
84	0.001168069606
85	0.001148293602
86	0.001119839844
87	0.001088922128
88	0.001064396034
89	0.001053101443
90	0.001031101936
91	0.001002754314
92	0.000982274543
93	0.0009627518015
94	0.0009347562261
95	0.000923075305
96	0.000902312416
97	0.0008830152499
98	0.0008677820316
99	0.0008584247746
100	0.000841024592
101	0.0008245222243
102	0.0008136661033
103	0.0007936916942
104	0.0007857341459
105	0.0007763441192
106	0.0007648818915
107	0.0007501959689
108	0.0007382890701
109	0.0007264527792
110	0.0007104207376
111	0.0006953307994
112	0.000685771729
113	0.0006763921501
114	0.000670562432
115	0.0006596431177
116	0.0006477880822
117	0.0006388970492
118	0.0006387835285
119	0.0006297813338
120	0.0006198390099
121	0.0006102202784
122	0.0006015877733
123	0.0005954768797
124	0.0005866988548
125	0.0005813380041
126	0.0005739572632
127	0.0005663438615
128	0.0005609978004
129	0.0005534373011
130	0.0005457592225
131	0.0005369911846
132	0.0005328116163
133	0.000526288691
134	0.0005211145176
135	0.0005165930704
136	0.0005112214095
137	0.0005069310245
138	0.000503472197
139	0.0004976724809
140	0.0004936866111
141	0.0004892242123
142	0.0004837624257
143	0.0004765247129
144	0.0004717866255
145	0.0004679460772
146	0.0004620649682
147	0.0004571792628
148	0.0004541636542
149	0.0004501341193
150	0.0004474983502
151	0.0004425670356
152	0.0004375653461
153	0.0004333435064
154	0.0004287715
155	0.0004251305474
156	0.0004205938022
157	0.0004173851646
158	0.0004144028995
159	0.0004109671735
160	0.0004076261115
161	0.0004033329892
162	0.000400548179
163	0.0003957890979
164	0.000392414035
165	0.0003903183304
166	0.0003866692028
167	0.0003832680817
168	0.0003796205017
169	0.0003768434393
170	0.0003737294709
171	0.000370946472
172	0.0003676828109
173	0.0003661184326
174	0.0003648560549
175	0.0003620058504
176	0.0003586635976
177	0.0003556362125
178	0.0003523226203
179	0.0003505484206
180	0.0003471665562
181	0.0003446020396
182	0.0003431740034
183	0.0003418191535
184	0.0003394126137
185	0.0003375188997
186	0.0003362102157
187	0.0003332887881
188	0.0003303333953
189	0.0003277412873
190	0.0003254732714
191	0.0003231893212
192	0.0003206791902
193	0.000319022963
194	0.0003166389725
195	0.0003141080254
196	0.0003107891532
197	0.0003083935878
198	0.000306202374
199	0.0003033079331
200	0.0003015490217
201	0.0002994251663
202	0.0002973490795
203	0.0002957470076
204	0.0002942171625
205	0.0002931241268
206	0.0002916684616
207	0.0002887720249
208	0.000287738962
209	0.0002860105067
210	0.000283829413
211	0.0002820519124
212	0.0002806654375
213	0.0002789771109
214	0.0002772764597
215	0.0002747299915
216	0.0002728693712
217	0.0002713251925
218	0.0002695194603
219	0.0002681998525
220	0.0002666907123
221	0.0002656245791
222	0.0002634767691
223	0.0002627322836
224	0.0002605091687
225	0.0002587782944
226	0.00025725202
227	0.000255932436
228	0.0002544825544
229	0.000252514739
230	0.000251584713
231	0.0002506534125
232	0.0002496760643
233	0.0002482373964
234	0.000247032095
235	0.0002452434119
236	0.0002441289985
237	0.0002429930912
238	0.0002419225887
239	0.0002406644731
240	0.000239166925
241	0.0002377308734
242	0.0002364585199
243	0.0002355903922
244	0.0002343363122
245	0.0002330030118
246	0.000231881731
247	0.0002300914392
248	0.0002284780935
249	0.0002274213073
250	0.0002260340662
251	0.0002254022162
252	0.0002244896999
253	0.0002234455607
254	0.0002223826088
255	0.0002210035592
256	0.0002199928852
257	0.0002188050223
258	0.0002175291537
259	0.0002163764898
260	0.0002154192681
261	0.0002144338139
262	0.0002137222291
263	0.0002128456992
264	0.0002120528573
265	0.0002109894883
266	0.0002097100692
267	0.0002087852775
268	0.0002074596248
269	0.0002064561154
270	0.0002055026735
271	0.0002044149876
272	0.0002039186665
273	0.0002027612096
274	0.000201915946
275	0.0002008667853
276	0.0002000288635
277	0.0001995882362
278	0.0001988087673
279	0.0001976549718
280	0.0001969364274
281	0.0001961306358
282	0.0001953594199
283	0.0001945857014
284	0.0001937766319
285	0.0001928289142
286	0.0001923458513
287	0.0001916227103
288	0.0001912185257
289	0.0001901389582
290	0.0001896017447
291	0.000188429812
292	0.0001874265014
293	0.0001866483492
294	0.0001861719677
295	0.0001857893685
296	0.0001848941036
297	0.0001839813413
298	0.0001830330093
299	0.0001821784951
300	0.0001813405012
301	0.0001806700601
302	0.0001797770881
303	0.0001792212526
304	0.0001788376768
305	0.000178290194
306	0.0001775771117
307	0.0001770838017
308	0.0001764480446
309	0.0001759716496
310	0.000175567562
311	0.0001745409751
312	0.000173909914
313	0.0001731050511
314	0.000172724565
315	0.0001718872767
316	0.0001715130156
317	0.0001711493229
318	0.0001700443158
319	0.0001691946711
320	0.0001689066018
321	0.0001679149536
322	0.0001675090689
323	0.0001670010638
324	0.0001659024615
325	0.0001656182298
326	0.0001652251026
327	0.0001649973246
328	0.000164479889
329	0.0001635431359
330	0.0001629406131
331	0.0001623371748
332	0.0001620174129
333	0.0001615986971
334	0.0001613083973
335	0.0001604647211
336	0.0001597081863
337	0.000159078565
338	0.0001585605958
339	0.0001581322151
340	0.0001575121379
341	0.0001573234482
342	0.0001565606576
343	0.0001559450915
344	0.0001554406481
345	0.0001549383248
346	0.0001544621177
347	0.0001537871565
348	0.0001529960201
349	0.0001527256906
350	0.0001520448762
351	0.0001515133371
352	0.0001509437409
353	0.0001503780333
354	0.0001498261927
355	0.0001491396382
356	0.0001485858762
357	0.0001483844394
358	0.0001479261935
359	0.0001473689299
360	0.0001471079883
361	0.0001469140142
362	0.0001464133763
363	0.0001460133
364	0.0001452648459
365	0.0001446067114
366	0.0001441636677
367	0.0001436623279
368	0.0001433801128
369	0.0001429853417
370	0.0001425227569
371	0.0001421457867
372	0.000141669371
373	0.0001413304232
374	0.0001408970185
375	0.000140375361
376	0.000139585775
377	0.0001392720833
378	0.0001388095302
379	0.0001383776754
380	0.0001380089961
381	0.0001376199987
382	0.0001371158576
383	0.0001368960112
384	0.0001362123888
385	0.0001358220389
386	0.0001353636696
387	0.0001351711257
388	0.0001348530722
389	0.0001345333302
390	0.000134065501
391	0.0001336106218
392	0.0001332829684
393	0.0001329166621
394	0.000132569078
395	0.0001320964142
396	0.0001318853644
397	0.0001314392332
398	0.0001309868079
399	0.0001306353043
400	0.0001301845359
401	0.0001297719973
402	0.0001293560241
403	0.0001288969771
404	0.0001284316791
405	0.0001281204097
406	0.0001277414185
407	0.0001273450929
408	0.0001271193739
409	0.0001265594561
410	0.0001262713014
411	0.0001259304302
412	0.0001256033732
413	0.0001254534189
414	0.0001251529849
415	0.0001246977462
416	0.0001244116296
417	0.0001241250328
418	0.0001236041756
419	0.0001232025022
420	0.0001228880291
421	0.0001225706201
422	0.0001222414068
423	0.0001218823636
424	0.0001215876136
425	0.0001214187749
426	0.0001211337348
427	0.0001209696236
428	0.0001207965167
429	0.0001204168667
430	0.0001199378145
431	0.0001195516591
432	0.0001192610811
433	0.0001188018517
434	0.0001185225491
435	0.0001181279372
436	0.0001179768702
437	0.0001176958756
438	0.0001173497429
439	0.0001171844985
440	0.0001167700387
441	0.0001166189924
442	0.0001162651444
443	0.0001160158778
444	0.0001156386587
445	0.000115302364
446	0.0001148849376
447	0.0001146775862
448	0.0001143835563
449	0.0001140940572
450	0.0001139033205
451	0.0001135838993
452	0.0001133054731
453	0.000112976816
454	0.0001126460647
455	0.0001123034943
456	0.0001120224186
457	0.0001117491689
458	0.0001115105628
459	0.0001112114905
460	0.0001109475894
461	0.000110685807
462	0.0001104353341
463	0.0001102105268
464	0.0001098775152
465	0.0001094103592
466	0.0001091023024
467	0.000108868052
468	0.0001086802966
469	0.0001083756207
470	0.0001081292861
471	0.0001078955904
472	0.0001076519649
473	0.0001073282721
474	0.0001070188134
475	0.0001066802724
476	0.0001065075028
477	0.0001061805012
478	0.0001059842075
479	0.0001058204992
480	0.0001056313554
481	0.0001053323199
482	0.0001051016148
483	0.0001049957345
484	0.0001048902276
485	0.0001046024253
486	0.000104419098
487	0.0001041561145
488	0.0001038927633
489	0.0001036470795
490	0.0001035134601
491	0.0001033039971
492	0.0001030887468
493	0.0001028712157
494	0.0001026924811
495	0.0001024973638
496	0.0001022939138
497	0.0001021213931
498	0.0001020008331
499	0.0001017893799
500	0.0001015971297
501	0.0001013670325
502	0.0001011818041
503	0.0001010075553
504	0.0001008726515
505	0.0001006189659
506	0.0001003975188
507	0.0001001385009
508	9.988188359e-05
509	9.976348764e-05
510	9.957984795e-05
511	9.937849422e-05
512	9.929244103e-05
513	9.890006764e-05
514	9.86630948e-05
515	9.847635872e-05
516	9.837693269e-05
517	9.815050386e-05
518	9.797309471e-05
519	9.780259254e-05
520	9.756733397e-05
521	9.73122075e-05
522	9.70413557e-05
523	9.67891409e-05
524	9.658984884e-05
525	9.636792037e-05
526	9.60770687e-05
527	9.570584044e-05
528	9.546406744e-05
529	9.516586958e-05
530	9.491850597e-05
531	9.474818032e-05
532	9.4442655e-05
533	9.428487429e-05
534	9.413240749e-05
535	9.396008643e-05
536	9.373234658e-05
537	9.343694771e-05
538	9.323231351e-05
539	9.300646302e-05
540	9.27643347e-05
541	9.250965581e-05
542	9.221827105e-05
543	9.206009821e-05
544	9.175952525e-05
545	9.166243435e-05
546	9.149294793e-05
547	9.125870754e-05
548	9.104955092e-05
549	9.085318586e-05
550	9.054879576e-05
551	9.032792484e-05
552	9.009570107e-05
553	8.989619467e-05
554	8.966591534e-05
555	8.949737452e-05
556	8.940243539e-05
557	8.921432468e-05
558	8.911616465e-05
559	8.89624865e-05
560	8.885969607e-05
561	8.861788489e-05
562	8.845984544e-05
563	8.824285519e-05
564	8.811629098e-05
565	8.796876671e-05
566	8.779571254e-05
567	8.75707058e-05
568	8.733465787e-05
569	8.721657524e-05
570	8.709863144e-05
571	8.701217679e-05
572	8.683037801e-05
573	8.667184612e-05
574	8.644469593e-05
575	8.628782023e-05
576	8.614650367e-05
577	8.598338619e-05
578	8.581879418e-05
579	8.571089969e-05
580	8.556285371e-05
581	8.546426243e-05
582	8.533346422e-05
583	8.516175795e-05
584	8.501622897e-05
585	8.494454425e-05
586	8.487217811e-05
587	8.466578063e-05
588	8.45576607e-05
589	8.442894642e-05
590	8.432336719e-05
591	8.410242748e-05
592	8.388505171e-05
593	8.375460386e-05
594	8.361918939e-05
595	8.338369163e-05
596	8.314151245e-05
597	8.296459309e-05
598	8.288399075e-05
599	8.270854324e-05
600	8.253312802e-05
601	8.238815435e-05
602	8.223854179e-05
603	8.212603732e-05
604	8.200980025e-05
605	8.183771914e-05
606	8.167973057e-05
607	8.150520805e-05
608	8.130046006e-05
609	8.116376274e-05
610	8.104353047e-05
611	8.08840211e-05
612	8.072893413e-05
613	8.056730329e-05
614	8.038689856e-05
615	8.02736519e-05
616	8.015677431e-05
617	8.004042126e-05
618	7.991881532e-05
619	7.980403806e-05
620	7.972933184e-05
621	7.968951403e-05
622	7.95253658e-05
623	7.936018457e-05
624	7.924847016e-05
625	7.910572856e-05
626	7.895469709e-05
627	7.8737615e-05
628	7.857850576e-05
629	7.843202316e-05
630	7.817985497e-05
631	7.806101628e-05
632	7.794622366e-05
633	7.784432395e-05
634	7.779527063e-05
635	7.764641552e-05
636	7.748079383e-05
637	7.733297528e-05
638	7.70705279e-05
639	7.694045003e-05
640	7.678989608e-05
641	7.665191279e-05
642	7.654163022e-05
643	7.63623796e-05
644	7.627294406e-05
645	7.609366859e-05
646	7.591193189e-05
647	7.570951705e-05
648	7.561214595e-05
649	7.551585583e-05
650	7.545902504e-05
651	7.531190039e-05
652	7.514182352e-05
653	7.502056928e-05
654	7.490740513e-05
655	7.480608659e-05
656	7.46573298e-05
657	7.453749742e-05
658	7.44258993e-05
659	7.433198449e-05
660	7.416463938e-05
661	7.405330703e-05
662	7.392228577e-05
663	7.383198098e-05
664	7.364205282e-05
665	7.352219927e-05
666	7.33348035e-05
667	7.322283338e-05
668	7.311039203e-05
669	7.292567109e-05
670	7.28399451e-05
671	7.273715817e-05
672	7.260037548e-05
673	7.247912867e-05
674	7.236520998e-05
675	7.222160428e-05
676	7.209136624e-05
677	7.19565901e-05
678	7.186037181e-05
679	7.172265756e-05
680	7.156279415e-05
681	7.140751582e-05
682	7.134901359e-05
683	7.125169599e-05
684	7.115962534e-05
685	7.109142107e-05
686	7.09644512e-05
687	7.091456141e-05
688	7.081357772e-05
689	7.07080051e-05
690	7.050185651e-05
691	7.034975625e-05
692	7.024119575e-05
693	7.011459754e-05
694	6.999015864e-05
695	6.990159677e-05
696	6.979983241e-05
697	6.968997306e-05
698	6.956764716e-05
699	6.945491812e-05
700	6.933880282e-05
701	6.921426741e-05
702	6.911540424e-05
703	6.902040788e-05
704	6.893252813e-05
705	6.877054908e-05
706	6.86915093e-05
707	6.858314746e-05
708	6.849087664e-05
709	6.843739744e-05
710	6.839417242e-05
711	6.825810315e-05
712	6.8160404e-05
713	6.807669146e-05
714	6.799980541e-05
715	6.787254206e-05
716	6.777889162e-05
717	6.766251394e-05
718	6.754637682e-05
719	6.736914566e-05
720	6.727584796e-05
721	6.719655738e-05
722	6.710592203e-05
723	6.699795747e-05
724	6.691732728e-05
725	6.682607722e-05
726	6.673041909e-05
727	6.661182796e-05
728	6.652453649e-05
729	6.643341687e-05
730	6.629848933e-05
731	6.622347179e-05
732	6.615089547e-05
733	6.609646385e-05
734	6.601816117e-05
735	6.592374151e-05
736	6.574380626e-05
737	6.564377238e-05
738	6.560132612e-05
739	6.548714596e-05
740	6.538190872e-05
741	6.529568059e-05
742	6.516476026e-05
743	6.507171975e-05
744	6.501435661e-05
745	6.486485109e-05
746	6.474603279e-05
747	6.469787405e-05
748	6.465540656e-05
749	6.451481222e-05
750	6.44690849e-05
751	6.438182731e-05
752	6.427144925e-05
753	6.416492841e-05
754	6.40759644e-05
755	6.399697979e-05
756	6.388996785e-05
757	6.375495305e-05
758	6.362292082e-05
759	6.355068843e-05
760	6.343910613e-05
761	6.329888533e-05
762	6.32204965e-05
763	6.313376132e-05
764	6.306089131e-05
765	6.298939515e-05
766	6.29012295e-05
767	6.283704583e-05
768	6.276478918e-05
769	6.267741905e-05
770	6.258134279e-05
771	6.248602319e-05
772	6.240953964e-05
773	6.232954581e-05
774	6.225820626e-05
775	6.211804537e-05
776	6.200854515e-05
777	6.192211156e-05
778	6.186364533e-05
779	6.179830649e-05
780	6.17155355e-05
781	6.159472167e-05
782	6.151569741e-05
783	6.136899274e-05
784	6.130522742e-05
785	6.122922725e-05
786	6.119097355e-05
787	6.112561229e-05
788	6.106262137e-05
789	6.101948736e-05
790	6.092474582e-05
791	6.083039947e-05
792	6.073793429e-05
793	6.066163412e-05
794	6.059668572e-05
795	6.0516418e-05
796	6.045321665e-05
797	6.036599177e-05
798	6.029745912e-05
799	6.023225721e-05
800	6.01575176e-05
801	6.0071347e-05
802	5.999192015e-05
803	5.989634232e-05
804	5.982879239e-05
805	5.979697931e-05
806	5.971923744e-05
807	5.963848007e-05
808	5.957902843e-05
809	5.95169317e-05
810	5.94376962e-05
811	5.935684079e-05
812	5.927807727e-05
813	5.920409813e-05
814	5.912867559e-05
815	5.910059054e-05
816	5.904723561e-05
817	5.900322961e-05
818	5.892991028e-05
819	5.886466987e-05
820	5.880083436e-05
821	5.871580713e-05
822	5.863643611e-05
823	5.857184225e-05
824	5.85041846e-05
825	5.836192695e-05
826	5.828454631e-05
827	5.82139848e-05
828	5.815423137e-05
829	5.80153547e-05
830	5.797395658e-05
831	5.788779973e-05
832	5.775199755e-05
833	5.76169837e-05
834	5.753222479e-05
835	5.744898674e-05
836	5.735472912e-05
837	5.729333383e-05
838	5.722757861e-05
839	5.714862889e-05
840	5.706759004e-05
841	5.695118006e-05
842	5.686820042e-05
843	5.678522631e-05
844	5.66557929e-05
845	5.658896608e-05
846	5.647269871e-05
847	5.640928347e-05
848	5.632812172e-05
849	5.628053986e-05
850	5.62044206e-05
851	5.614748037e-05
852	5.60756109e-05
853	5.596851167e-05
854	5.59254048e-05
855	5.58357031e-05
856	5.579361544e-05
857	5.571370968e-05
858	5.564420826e-05
859	5.556130664e-05
860	5.549197288e-05
861	5.542404029e-05
862	5.535056101e-05
863	5.530232466e-05
864	5.525474873e-05
865	5.520153568e-05
866	5.511051446e-05
867	5.504111868e-05
868	5.497736886e-05
869	5.492651765e-05
870	5.489210523e-05
871	5.481594651e-05
872	5.473286136e-05
873	5.465110029e-05
874	5.457433644e-05
875	5.443499882e-05
876	5.437080362e-05
877	5.429068215e-05
878	5.421740908e-05
879	5.416708463e-05
880	5.408481091e-05
881	5.404263898e-05
882	5.398872603e-05
883	5.391615529e-05
884	5.383689546e-05
885	5.378587664e-05
886	5.371921959e-05
887	5.366067761e-05
888	5.35377055e-05
889	5.347348605e-05
890	5.33852775e-05
891	5.332383622e-05
892	5.325907178e-05
893	5.319453113e-05
894	5.314274255e-05
895	5.302962381e-05
896	5.294456994e-05
897	5.290044071e-05
898	5.28246829e-05
899	5.275716269e-05
900	5.272566296e-05
901	5.269478769e-05
902	5.266590868e-05
903	5.263841054e-05
904	5.25926056e-05
905	5.253961265e-05
906	5.246044022e-05
907	5.23510457e-05
908	5.227742074e-05
909	5.223267506e-05
910	5.21776768e-05
911	5.211041374e-05
912	5.201645282e-05
913	5.194492756e-05
914	5.191166602e-05
915	5.18207678e-05
916	5.175152563e-05
917	5.170073719e-05
918	5.163244818e-05
919	5.156554919e-05
920	5.151973941e-05
921	5.146431402e-05
922	5.137099592e-05
923	5.130369735e-05
924	5.122475064e-05
925	5.114883982e-05
926	5.107562602e-05
927	5.101103744e-05
928	5.095961882e-05
929	5.089555523e-05
930	5.084562465e-05
931	5.078114306e-05
932	5.072076603e-05
933	5.067478773e-05
934	5.065137683e-05
935	5.060058301e-05
936	5.055684544e-05
937	5.052651885e-05
938	5.04706799e-05
939	5.04021734e-05
940	5.035099865e-05
941	5.029097172e-05
942	5.02658671e-05
943	5.018660793e-05
944	5.012703795e-05
945	5.004914341e-05
946	5.00102871e-05
947	4.996179284e-05
948	4.989922454e-05
949	4.98714499e-05
950	4.984685972e-05
951	4.978284603e-05
952	4.973346076e-05
953	4.97086775e-05
954	4.968336204e-05
955	4.960701346e-05
956	4.954221405e-05
957	4.948931455e-05
958	4.942311421e-05
959	4.937844275e-05
960	4.92769553e-05
961	4.922507066e-05
962	4.918861941e-05
963	4.916189437e-05
964	4.912110184e-05
965	4.906288475e-05
966	4.903534286e-05
967	4.898720242e-05
968	4.894204057e-05
969	4.889933706e-05
970	4.884695348e-05
971	4.880002625e-05
972	4.873918942e-05
973	4.869333638e-05
974	4.863510432e-05
975	4.861182341e-05
976	4.857462412e-05
977	4.851287878e-05
978	4.845569013e-05
979	4.835486672e-05
980	4.832952035e-05
981	4.829301416e-05
982	4.821767567e-05
983	4.817453937e-05
984	4.809197447e-05
985	4.805470032e-05
986	4.802280691e-05
987	4.79313774e-05
988	4.786874399e-05
989	4.782168814e-05
990	4.774494378e-05
991	4.767544339e-05
992	4.763447868e-05
993	4.75690718e-05
994	4.754661245e-05
995	4.749843888e-05
996	4.744064413e-05
997	4.740274763e-05
998	4.735593414e-05
999	4.730605337e-05
1000	4.726752191e-05
1001	4.721571932e-05
1002	4.717567495e-05
1003	4.713795561e-05
1004	4.709271194e-05
1005	4.703559278e-05
1006	4.697189309e-05
1007	4.692133288e-05
1008	4.684168581e-05
1009	4.680565354e-05
1010	4.676368777e-05
1011	4.670250395e-05
1012	4.668474094e-05
1013	4.661913433e-05
1014	4.65822753e-05
1015	4.653718493e-05
1016	4.650431428e-05
1017	4.646134835e-05
1018	4.641915068e-05
1019	4.632927138e-05
1020	4.628844381e-05
1021	4.622456922e-05
1022	4.617250414e-05
1023	4.613108212e-05
1024	4.607719326e-05
1025	4.603913192e-05
1026	4.599598024e-05
1027	4.594640144e-05
1028	4.591730709e-05
1029	4.588140842e-05
1030	4.581707921e-05
1031	4.575552171e-05
1032	4.568394645e-05
1033	4.561266181e-05
1034	4.557266302e-05
1035	4.552507437e-05
1036	4.549757542e-05
1037	4.545376063e-05
1038	4.539774136e-05
1039	4.53264294e-05
1040	4.528172675e-05
1041	4.522616047e-05
1042	4.518747239e-05
1043	4.510349094e-05
1044	4.504833357e-05
1045	4.499873272e-05
1046	4.491859182e-05
1047	4.487511649e-05
1048	4.482504947e-05
1049	4.476272601e-05
1050	4.471301353e-05
1051	4.469382224e-05
1052	4.464997282e-05
1053	4.46209632e-05
1054	4.453809288e-05
1055	4.450409149e-05
1056	4.446662798e-05
1057	4.44281484e-05
1058	4.437910676e-05
1059	4.432803995e-05
1060	4.429152483e-05
1061	4.425382835e-05
1062	4.42228676e-05
1063	4.416178191e-05
1064	4.412197827e-05
1065	4.407478206e-05
1066	4.405830646e-05
1067	4.403661528e-05
1068	4.400866024e-05
1069	4.3947381e-05
1070	4.388049718e-05
1071	4.381355206e-05
1072	4.377074844e-05
1073	4.373348692e-05
1074	4.368693357e-05
1075	4.362636521e-05
1076	4.356979414e-05
1077	4.35178449e-05
1078	4.349066208e-05
1079	4.345276452e-05
1080	4.34202503e-05
1081	4.337452336e-05
1082	4.334367531e-05
1083	4.329540655e-05
1084	4.324407672e-05
1085	4.320343128e-05
1086	4.315464692e-05
1087	4.310670553e-05
1088	4.306041613e-05
1089	4.29788137e-05
1090	4.294681232e-05
1091	4.290209243e-05
1092	4.287428998e-05
1093	4.283977135e-05
1094	4.28053097e-05
1095	4.277004255e-05
1096	4.274302928e-05
1097	4.27272239e-05
1098	4.269187312e-05
1099	4.264528178e-05
1100	4.260135831e-05
1101	4.253656637e-05
1102	4.250895843e-05
1103	4.247989878e-05
1104	4.243645689e-05
1105	4.241608612e-05
1106	4.236549152e-05
1107	4.234411514e-05
1108	4.227918646e-05
1109	4.225655367e-05
1110	4.223087689e-05
1111	4.218095137e-05
1112	4.214253773e-05
1113	4.208446589e-05
1114	4.203519229e-05
1115	4.201588812e-05
1116	4.197799375e-05
1117	4.192938661e-05
1118	4.18929366e-05
1119	4.184854881e-05
1120	4.179997273e-05
1121	4.177311498e-05
1122	4.17261055e-05
1123	4.16976527e-05
1124	4.166862891e-05
1125	4.161995792e-05
1126	4.157156925e-05
1127	4.154300696e-05
1128	4.150627912e-05
1129	4.148307094e-05
1130	4.141768162e-05
1131	4.138339617e-05
1132	4.135194166e-05
1133	4.129335911e-05
1134	4.126417917e-05
1135	4.122933424e-05
1136	4.118618305e-05
1137	4.114467233e-05
1138	4.110674946e-05
1139	4.107562978e-05
1140	4.103197053e-05
1141	4.099771122e-05
1142	4.096790574e-05
1143	4.092995382e-05
1144	4.088736025e-05
1145	4.085079519e-05
1146	4.081094272e-05
1147	4.076863886e-05
1148	4.07235437e-05
1149	4.069080633e-05
1150	4.067376213e-05
1151	4.06247668e-05
1152	4.060438253e-05
1153	4.056910802e-05
1154	4.053655032e-05
1155	4.04981274e-05
1156	4.046286879e-05
1157	4.042194183e-05
1158	4.038946621e-05
1159	4.034128221e-05
1160	4.029630332e-05
1161	4.025857034e-05
1162	4.022403502e-05
1163	4.016580194e-05
1164	4.0114012e-05
1165	4.008265997e-05
1166	4.004418178e-05
1167	4.002198327e-05
1168	3.999504795e-05
1169	3.99683764e-05
1170	3.990439159e-05
1171	3.987834485e-05
1172	3.98388774e-05
1173	3.980134557e-05
1174	3.976111204e-05
1175	3.974716114e-05
1176	3.973245468e-05
1177	3.969676319e-05
1178	3.965427527e-05
1179	3.964192949e-05
1180	3.962093522e-05
1181	3.959269153e-05
1182	3.954996199e-05
1183	3.952339694e-05
1184	3.948463284e-05
1185	3.944693888e-05
1186	3.942378313e-05
1187	3.940762376e-05
1188	3.939473976e-05
1189	3.935004542e-05
1190	3.932218207e-05
1191	3.928504366e-05
1192	3.925882829e-05
1193	3.922824695e-05
1194	3.919626291e-05
1195	3.915681461e-05
1196	3.911215167e-05
1197	3.908663626e-05
1198	3.903419589e-05
1199	3.898374274e-05
1200	3.896114319e-05
1201	3.892947712e-05
1202	3.890168765e-05
1203	3.888331558e-05
1204	3.884276648e-05
1205	3.881377396e-05
1206	3.878782788e-05
1207	3.875545717e-05
1208	3.872292511e-05
1209	3.869337204e-05
1210	3.865072234e-05
1211	3.860827031e-05
1212	3.857808432e-05
1213	3.855200165e-05
1214	3.852261514e-05
1215	3.849465102e-05
1216	3.846261479e-05
1217	3.84124246e-05
1218	3.838908694e-05
1219	3.833801472e-05
1220	3.831341958e-05
1221	3.828343482e-05
1222	3.825381427e-05
1223	3.823217798e-05
1224	3.820563198e-05
1225	3.818388482e-05
1226	3.816799057e-05
1227	3.81398401e-05
1228	3.810800917e-05
1229	3.809106206e-05
1230	3.804549747e-05
1231	3.802917717e-05
1232	3.799048826e-05
1233	3.795983415e-05
1234	3.792546191e-05
1235	3.788789741e-05
1236	3.786366197e-05
1237	3.782917216e-05
1238	3.780208571e-05
1239	3.777147251e-05
1240	3.773416959e-05
1241	3.770008456e-05
1242	3.767266395e-05
1243	3.763192564e-05
1244	3.759494038e-05
1245	3.757154027e-05
1246	3.753869596e-05
1247	3.750442243e-05
1248	3.747935958e-05
1249	3.745586521e-05
1250	3.740634072e-05
1251	3.739120471e-05
1252	3.735380375e-05
1253	3.73206166e-05
1254	3.729307969e-05
1255	3.726707342e-05
1256	3.7246337e-05
1257	3.72280194e-05
1258	3.719332263e-05
1259	3.715720997e-05
1260	3.712918193e-05
1261	3.710665719e-05
1262	3.708189161e-05
1263	3.706853985e-05
1264	3.703792517e-05
1265	3.701253051e-05
1266	3.698424376e-05
1267	3.696085447e-05
1268	3.693494873e-05
1269	3.690743777e-05
1270	3.687500895e-05
1271	3.684463201e-05
1272	3.681151204e-05
1273	3.675541272e-05
1274	3.669664093e-05
1275	3.666325506e-05
1276	3.662315333e-05
1277	3.657995325e-05
1278	3.656002703e-05
1279	3.65476663e-05
1280	3.653027425e-05
1281	3.65008496e-05
1282	3.646186943e-05
1283	3.642638347e-05
1284	3.639608611e-05
1285	3.637054836e-05
1286	3.634115737e-05
1287	3.631434929e-05
1288	3.628630871e-05
1289	3.625794989e-05
1290	3.623057154e-05
1291	3.618672379e-05
1292	3.616163428e-05
1293	3.613294775e-05
1294	3.611002125e-05
1295	3.609585543e-05
1296	3.606796131e-05
1297	3.604596205e-05
1298	3.601518405e-05
1299	3.599214605e-05
1300	3.597063687e-05
1301	3.594559714e-05
1302	3.591170036e-05
1303	3.58992328e-05
1304	3.587473623e-05
1305	3.584133051e-05
1306	3.581346087e-05
1307	3.578144325e-05
1308	3.576892837e-05
1309	3.575555981e-05
1310	3.572336148e-05
1311	3.570115468e-05
1312	3.566725865e-05
1313	3.563892472e-05
1314	3.560675833e-05
1315	3.558354202e-05
1316	3.552812623e-05
1317	3.549468303e-05
1318	3.546968484e-05
1319	3.544386795e-05
1320	3.540910735e-05
1321	3.539397539e-05
1322	3.536429017e-05
1323	3.533632031e-05
1324	3.530770362e-05
1325	3.52635962e-05
1326	3.523743664e-05
1327	3.521153179e-05
1328	3.51906341e-05
1329	3.515846611e-05
1330	3.513348152e-05
1331	3.510435639e-05
1332	3.507377041e-05
1333	3.505276448e-05
1334	3.501232145e-05
1335	3.498315984e-05
1336	3.49641797e-05
1337	3.494760852e-05
1338	3.490972346e-05
1339	3.489597123e-05
1340	3.487319844e-05
1341	3.483697324e-05
1342	3.481150402e-05
1343	3.478830136e-05
1344	3.476325172e-05
1345	3.474019459e-05
1346	3.471640694e-05
1347	3.466912448e-05
1348	3.465646223e-05
1349	3.464689893e-05
1350	3.460559966e-05
1351	3.459546095e-05
1352	3.458010226e-05
1353	3.45511191e-05
1354	3.451485348e-05
1355	3.448661079e-05
1356	3.445545362e-05
1357	3.442253875e-05
1358	3.439735916e-05
1359	3.436738442e-05
1360	3.434055354e-05
1361	3.429894716e-05
1362	3.428527964e-05
1363	3.427187445e-05
1364	3.4245745e-05
1365	3.422448605e-05
1366	3.418453439e-05
1367	3.413753954e-05
1368	3.409189359e-05
1369	3.404889755e-05
1370	3.403532675e-05
1371	3.401267628e-05
1372	3.397448089e-05
1373	3.394569773e-05
1374	3.392111706e-05
1375	3.388926524e-05
1376	3.38802704e-05
1377	3.385413478e-05
1378	3.384065902e-05
1379	3.381844859e-05
1380	3.379577627e-05
1381	3.376573767e-05
1382	3.374754078e-05
1383	3.372750414e-05
1384	3.368535832e-05
1385	3.365893779e-05
1386	3.363289855e-05
1387	3.361054127e-05
1388	3.35850511e-05
1389	3.356460354e-05
1390	3.353574373e-05
1391	3.351193688e-05
1392	3.349573972e-05
1393	3.346967321e-05
1394	3.344284102e-05
1395	3.341061959e-05
1396	3.339064827e-05
1397	3.336230579e-05
1398	3.334118094e-05
1399	3.331379213e-05
1400	3.32897246e-05
1401	3.327160596e-05
1402	3.324473228e-05
1403	3.322701557e-05
1404	3.318217761e-05
1405	3.315296143e-05
1406	3.313120404e-05
1407	3.310760027e-05
1408	3.308104594e-05
1409	3.306203836e-05
1410	3.304044752e-05
1411	3.302762158e-05
1412	3.29999737e-05
1413	3.297332838e-05
1414	3.294641815e-05
1415	3.290172145e-05
1416	3.287698741e-05
1417	3.285374651e-05
1418	3.28344543e-05
1419	3.280123127e-05
1420	3.27688322e-05
1421	3.275709255e-05
1422	3.274654789e-05
1423	3.272463907e-05
1424	3.269351637e-05
1425	3.267341416e-05
1426	3.264203627e-05
1427	3.262127441e-05
1428	3.260929986e-05
1429	3.258203177e-05
1430	3.255797557e-05
1431	3.252416476e-05
1432	3.248024603e-05
1433	3.245871159e-05
1434	3.243775088e-05
1435	3.241961364e-05
1436	3.239125078e-05
1437	3.237414805e-05
1438	3.23575039e-05
1439	3.233558449e-05
1440	3.232408868e-05
1441	3.231429095e-05
1442	3.228712226e-05
1443	3.224619862e-05
1444	3.222267877e-05
1445	3.21957868e-05
1446	3.215893631e-05
1447	3.21376519e-05
1448	3.212052138e-05
1449	3.208579838e-05
1450	3.206436297e-05
1451	3.201844625e-05
1452	3.199904522e-05
1453	3.198011609e-05
1454	3.197011805e-05
1455	3.194470179e-05
1456	3.19267643e-05
1457	3.190786117e-05
1458	3.188849458e-05
1459	3.185452641e-05
1460	3.183700035e-05
1461	3.179616791e-05
1462	3.177187811e-05
1463	3.174764819e-05
1464	3.171927158e-05
1465	3.16936753e-05
1466	3.167215803e-05
1467	3.165617145e-05
1468	3.162541948e-05
1469	3.161109848e-05
1470	3.158806192e-05
1471	3.156938005e-05
1472	3.154304279e-05
1473	3.150801101e-05
1474	3.148893889e-05
1475	3.144875188e-05
1476	3.142519906e-05
1477	3.138486185e-05
1478	3.136458155e-05
1479	3.135109554e-05
1480	3.133659164e-05
1481	3.130920416e-05
1482	3.128963275e-05
1483	3.126788444e-05
1484	3.124693271e-05
1485	3.122605821e-05
1486	3.121084784e-05
1487	3.118929186e-05
1488	3.117088709e-05
1489	3.115970806e-05
1490	3.113181985e-05
1491	3.112740806e-05
1492	3.111813737e-05
1493	3.107835986e-05
1494	3.105570605e-05
1495	3.104549708e-05
1496	3.101445997e-05
1497	3.099952287e-05
1498	3.096249626e-05
1499	3.094267503e-05
1500	3.093226487e-05
1501	3.091138988e-05
1502	3.089279872e-05
1503	3.086888949e-05
1504	3.085629412e-05
1505	3.083663882e-05
1506	3.080898804e-05
1507	3.078613272e-05
1508	3.076324317e-05
1509	3.07425468e-05
1510	3.071664884e-05
1511	3.070390451e-05
1512	3.068181937e-05
1513	3.06685229e-05
1514	3.064535684e-05
1515	3.062897331e-05
1516	3.061242092e-05
1517	3.060271971e-05
1518	3.05787838e-05
1519	3.055379197e-05
1520	3.054003332e-05
1521	3.052959143e-05
1522	3.050707022e-05
1523	3.049249231e-05
1524	3.047443556e-05
1525	3.045632977e-05
1526	3.044239526e-05
1527	3.042330043e-05
1528	3.040706673e-05
1529	3.038992777e-05
1530	3.036847582e-05
1531	3.034681178e-05
1532	3.030901528e-05
1533	3.029594049e-05
1534	3.027825488e-05
1535	3.025736974e-05
1536	3.0242547e-05
1537	3.022366436e-05
1538	3.017974836e-05
1539	3.015694595e-05
1540	3.014091848e-05
1541	3.012587487e-05
1542	3.011199457e-05
1543	3.009443453e-05
1544	3.007328569e-05
1545	3.006381377e-05
1546	3.004008474e-05
1547	3.00294477e-05
1548	3.000930934e-05
1549	2.998198099e-05
1550	2.996582473e-05
1551	2.993957816e-05
1552	2.991700214e-05
1553	2.989943473e-05
1554	2.986989598e-05
1555	2.985973433e-05
1556	2.982896353e-05
1557	2.981065839e-05
1558	2.980240233e-05
1559	2.978332325e-05
1560	2.976427096e-05
1561	2.974370054e-05
1562	2.9728684e-05
1563	2.971923403e-05
1564	2.969942969e-05
1565	2.968889157e-05
1566	2.966226434e-05
1567	2.965317225e-05
1568	2.963340511e-05
1569	2.961656486e-05
1570	2.959600238e-05
1571	2.957037605e-05
1572	2.954491411e-05
1573	2.951931797e-05
1574	2.949005245e-05
1575	2.947228876e-05
1576	2.945651576e-05
1577	2.943853618e-05
1578	2.941674915e-05
1579	2.93818294e-05
1580	2.937464693e-05
1581	2.935747605e-05
1582	2.934615225e-05
1583	2.932345995e-05
1584	2.930130358e-05
1585	2.929086979e-05
1586	2.926923442e-05
1587	2.923607137e-05
1588	2.921117207e-05
1589	2.918795571e-05
1590	2.91619424e-05
1591	2.915522416e-05
1592	2.912552751e-05
1593	2.910762093e-05
1594	2.907081682e-05
1595	2.905048627e-05
1596	2.90361962e-05
1597	2.901855982e-05
1598	2.899865699e-05
1599	2.897087899e-05
1600	2.895874685e-05
1601	2.8947823e-05
1602	2.892506752e-05
1603	2.890196635e-05
1604	2.888771406e-05
1605	2.886755921e-05
1606	2.884354501e-05
1607	2.882356753e-05
1608	2.881170055e-05
1609	2.880391449e-05
1610	2.877979525e-05
1611	2.875745069e-05
1612	2.873530894e-05
1613	2.871878965e-05
1614	2.869432385e-05
1615	2.867690688e-05
1616	2.865061031e-05
1617	2.862505087e-05
1618	2.861129028e-05
1619	2.859789337e-05
1620	2.856495004e-05
1621	2.854625494e-05
1622	2.852936346e-05
1623	2.850770914e-05
1624	2.848363621e-05
1625	2.847046783e-05
1626	2.845254464e-05
1627	2.84406044e-05
1628	2.842119313e-05
1629	2.840083757e-05
1630	2.83826224e-05
1631	2.83654625e-05
1632	2.834661435e-05
1633	2.833126676e-05
1634	2.831808623e-05
1635	2.829352436e-05
1636	2.827587966e-05
1637	2.82591709e-05
1638	2.824835316e-05
1639	2.823091215e-05
1640	2.820436696e-05
1641	2.818394843e-05
1642	2.816546619e-05
1643	2.814561765e-05
1644	2.813008111e-05
1645	2.810914116e-05
1646	2.809302419e-05
1647	2.806853468e-05
1648	2.804633774e-05
1649	2.802798952e-05
1650	2.800932178e-05
1651	2.799228244e-05
1652	2.7960763e-05
1653	2.794252822e-05
1654	2.792979125e-05
1655	2.791846637e-05
1656	2.78987905e-05
1657	2.787330089e-05
1658	2.785449923e-05
1659	2.783214242e-05
1660	2.781964718e-05
1661	2.780375854e-05
1662	2.77927546e-05
1663	2.777289512e-05
1664	2.776525724e-05
1665	2.774731002e-05
1666	2.772699121e-05
1667	2.77091359e-05
1668	2.768311134e-05
1669	2.76675844e-05
1670	2.765255088e-05
1671	2.763567371e-05
1672	2.762338295e-05
1673	2.758738529e-05
1674	2.757277548e-05
1675	2.754089207e-05
1676	2.751052845e-05
1677	2.749125519e-05
1678	2.7475012e-05
1679	2.745943609e-05
1680	2.745115267e-05
1681	2.743809063e-05
1682	2.742216449e-05
1683	2.741398241e-05
1684	2.739373256e-05
1685	2.737232565e-05
1686	2.734629969e-05
1687	2.73235335e-05
1688	2.729706351e-05
1689	2.728739479e-05
1690	2.727221841e-05
1691	2.725500171e-05
1692	2.722551e-05
1693	2.720394098e-05
1694	2.717888847e-05
1695	2.715927355e-05
1696	2.714366047e-05
1697	2.711677865e-05
1698	2.709544201e-05
1699	2.707378289e-05
1700	2.705531414e-05
1701	2.703065135e-05
1702	2.700811818e-05
1703	2.699178365e-05
1704	2.697991129e-05
1705	2.697240128e-05
1706	2.695697271e-05
1707	2.694244622e-05
1708	2.692869669e-05
1709	2.692140032e-05
1710	2.69021842e-05
1711	2.688239806e-05
1712	2.686459446e-05
1713	2.684339759e-05
1714	2.683089978e-05
1715	2.68145158e-05
1716	2.680101551e-05
1717	2.678233124e-05
1718	2.677447237e-05
1719	2.676141006e-05
1720	2.674935527e-05
1721	2.672617327e-05
1722	2.670998598e-05
1723	2.669416628e-05
1724	2.668263014e-05
1725	2.666765272e-05
1726	2.665749492e-05
1727	2.664306713e-05
1728	2.662577223e-05
1729	2.660842042e-05
1730	2.659307989e-05
1731	2.658596048e-05
1732	2.657209359e-05
1733	2.655359245e-05
1734	2.653362488e-05
1735	2.650869779e-05
1736	2.649145946e-05
1737	2.647437998e-05
1738	2.645796641e-05
1739	2.643976942e-05
1740	2.642688981e-05
1741	2.640909561e-05
1742	2.639650588e-05
1743	2.637486711e-05
1744	2.636707066e-05
1745	2.634745534e-05
1746	2.633278394e-05
1747	2.6318338e-05
1748	2.630422083e-05
1749	2.628592195e-05
1750	2.626880263e-05
1751	2.625455615e-05
1752	2.624160944e-05
1753	2.621773267e-05
1754	2.620616836e-05
1755	2.619588647e-05
1756	2.618074005e-05
1757	2.616808889e-05
1758	2.615418814e-05
1759	2.614305193e-05
1760	2.61290606e-05
1761	2.611021744e-05
1762	2.608923752e-05
1763	2.606464398e-05
1764	2.605006692e-05
1765	2.603782773e-05
1766	2.601907335e-05
1767	2.600844291e-05
1768	2.599171228e-05
1769	2.598084852e-05
1770	2.596799559e-05
1771	2.595405689e-05
1772	2.593742604e-05
1773	2.593216986e-05
1774	2.591731429e-05
1775	2.589787006e-05
1776	2.588025403e-05
1777	2.586897979e-05
1778	2.585340853e-05
1779	2.58441301e-05
1780	2.581797532e-05
1781	2.580558075e-05
1782	2.579279363e-05
1783	2.578241558e-05
1784	2.576573735e-05
1785	2.575917406e-05
1786	2.574690004e-05
1787	2.573976868e-05
1788	2.572358787e-05
1789	2.57101058e-05
1790	2.568159319e-05
1791	2.566917902e-05
1792	2.565997248e-05
1793	2.565056424e-05
1794	2.563913514e-05
1795	2.562885622e-05
1796	2.561592573e-05
1797	2.559857363e-05
1798	2.558020596e-05
1799	2.556365279e-05
1800	2.554227477e-05
1801	2.552523178e-05
1802	2.551009134e-05
1803	2.550310473e-05
1804	2.549221291e-05
1805	2.547670873e-05
1806	2.546965537e-05
1807	2.545191304e-05
1808	2.543732459e-05
1809	2.541885761e-05
1810	2.540758304e-05
1811	2.539233771e-05
1812	2.537335976e-05
1813	2.535876983e-05
1814	2.533754447e-05
1815	2.532912154e-05
1816	2.53171966e-05
1817	2.530404202e-05
1818	2.528254187e-05
1819	2.527633807e-05
1820	2.526169321e-05
1821	2.524783319e-05
1822	2.52412506e-05
1823	2.523022941e-05
1824	2.521025998e-05
1825	2.520340429e-05
1826	2.517683021e-05
1827	2.516541436e-05
1828	2.51490488e-05
1829	2.51380151e-05
1830	2.512703586e-05
1831	2.511589534e-05
1832	2.510110191e-05
1833	2.508516153e-05
1834	2.507331079e-05
1835	2.505282793e-05
1836	2.503755115e-05
1837	2.502097456e-05
1838	2.500405114e-05
1839	2.498161591e-05
1840	2.496895031e-05
1841	2.495657689e-05
1842	2.494161242e-05
1843	2.492888347e-05
1844	2.491405477e-05
1845	2.490737934e-05
1846	2.489850502e-05
1847	2.488692087e-05
1848	2.487151558e-05
1849	2.48645755e-05
1850	2.485214746e-05
1851	2.482969382e-05
1852	2.48157645e-05
1853	2.479696338e-05
1854	2.478269261e-05
1855	2.476206419e-05
1856	2.473821758e-05
1857	2.472797176e-05
1858	2.472319713e-05
1859	2.47118626e-05
1860	2.469594813e-05
1861	2.468021205e-05
1862	2.466999581e-05
1863	2.465982221e-05
1864	2.464064425e-05
1865	2.462870032e-05
1866	2.461160244e-05
1867	2.459556389e-05
1868	2.456725025e-05
1869	2.455300265e-05
1870	2.454215342e-05
1871	2.452627247e-05
1872	2.451665838e-05
1873	2.451045079e-05
1874	2.449644891e-05
1875	2.448543717e-05
1876	2.447177133e-05
1877	2.446659441e-05
1878	2.444163083e-05
1879	2.443453496e-05
1880	2.441729923e-05
1881	2.440123413e-05
1882	2.438901045e-05
1883	2.438356415e-05
1884	2.436524835e-05
1885	2.435076627e-05
1886	2.433888754e-05
1887	2.431912247e-05
1888	2.430379898e-05
1889	2.429358724e-05
1890	2.428397959e-05
1891	2.42610632e-05
1892	2.423608541e-05
1893	2.42267822e-05
1894	2.421122149e-05
1895	2.419763465e-05
1896	2.418140868e-05
1897	2.416828113e-05
1898	2.415684902e-05
1899	2.414842551e-05
1900	2.41351461e-05
1901	2.412964265e-05
1902	2.41061145e-05
1903	2.408623655e-05
1904	2.407407481e-05
1905	2.406572553e-05
1906	2.404996302e-05
1907	2.403861111e-05
1908	2.403411936e-05
1909	2.402467305e-05
1910	2.401756725e-05
1911	2.400808023e-05
1912	2.399489873e-05
1913	2.397995031e-05
1914	2.396928693e-05
1915	2.395682792e-05
1916	2.394886983e-05
1917	2.39342253e-05
1918	2.392179497e-05
1919	2.390476514e-05
1920	2.388997575e-05
1921	2.388086028e-05
1922	2.38681972e-05
1923	2.384868856e-05
1924	2.383530876e-05
1925	2.382637855e-05
1926	2.381729429e-05
1927	2.380725951e-05
1928	2.37840166e-05
1929	2.376031856e-05
1930	2.374728365e-05
1931	2.37343125e-05
1932	2.372490295e-05
1933	2.371589688e-05
1934	2.370669147e-05
1935	2.36972721e-05
1936	2.368637983e-05
1937	2.367814065e-05
1938	2.366711993e-05
1939	2.365717215e-05
1940	2.364580019e-05
1941	2.363478314e-05
1942	2.362828927e-05
1943	2.361460488e-05
1944	2.359698295e-05
1945	2.358936135e-05
1946	2.357279551e-05
1947	2.356159484e-05
1948	2.355034093e-05
1949	2.353889544e-05
1950	2.352737428e-05
1951	2.351504537e-05
1952	2.349130189e-05
1953	2.348140295e-05
1954	2.346885327e-05
1955	2.345495406e-05
1956	2.344038114e-05
1957	2.342332077e-05
1958	2.34123922e-05
1959	2.340135016e-05
1960	2.338218236e-05
1961	2.337150257e-05
1962	2.335990519e-05
1963	2.335152142e-05
1964	2.334249333e-05
1965	2.332648233e-05
1966	2.331362448e-05
1967	2.330346232e-05
1968	2.329654384e-05
1969	2.327742556e-05
1970	2.326707593e-05
1971	2.325154517e-05
1972	2.323750675e-05
1973	2.322248458e-05
1974	2.320928456e-05
1975	2.320473226e-05
1976	2.31936368e-05
1977	2.318500407e-05
1978	2.317228398e-05
1979	2.316110931e-05
1980	2.315119099e-05
1981	2.312837175e-05
1982	2.311421677e-05
1983	2.310573589e-05
1984	2.309538982e-05
1985	2.308416175e-05
1986	2.307416236e-05
1987	2.306414357e-05
1988	2.304920344e-05
1989	2.30369792e-05
1990	2.302115166e-05
1991	2.301602083e-05
1992	2.300727885e-05
1993	2.299843916e-05
1994	2.298681965e-05
1995	2.29750377e-05
1996	2.296119878e-05
1997	2.29497724e-05
1998	2.293638095e-05
1999	2.292568203e-05
2000	2.291595327e-05
2001	2.290610108e-05
2002	2.289523406e-05
2003	2.288779863e-05
2004	2.287690971e-05
2005	2.286723306e-05
2006	2.285571686e-05
2007	2.284082917e-05
2008	2.282703783e-05
2009	2.281634416e-05
2010	2.280689183e-05
2011	2.279398867e-05
2012	2.277989101e-05
2013	2.27716612e-05
2014	2.276652935e-05
2015	2.275780142e-05
2016	2.275348307e-05
2017	2.273957572e-05
2018	2.272618855e-05
2019	2.271844763e-05
2020	2.270140144e-05
2021	2.269589855e-05
2022	2.268802461e-05
2023	2.267660838e-05
2024	2.265862024e-05
2025	2.264613719e-05
2026	2.263477989e-05
2027	2.262809431e-05
2028	2.261966613e-05
2029	2.260786913e-05
2030	2.259352617e-05
2031	2.258334534e-05
2032	2.256911432e-05
2033	2.255949913e-05
2034	2.25437832e-05
2035	2.253211869e-05
2036	2.252281748e-05
2037	2.251311119e-05
2038	2.249169186e-05
2039	2.247689778e-05
2040	2.245592226e-05
2041	2.244166448e-05
2042	2.24276955e-05
2043	2.241632469e-05
2044	2.240098601e-05
2045	2.238131742e-05
2046	2.237459172e-05
2047	2.236359087e-05
2048	2.234948925e-05
2049	2.234393407e-05
2050	2.233868498e-05
2051	2.232661452e-05
2052	2.231403269e-05
2053	2.230730831e-05
2054	2.229323458e-05
2055	2.228056505e-05
2056	2.227118348e-05
2057	2.226357625e-05
2058	2.225616251e-05
2059	2.2247639e-05
2060	2.223574711e-05
2061	2.22250724e-05
2062	2.22137336e-05
2063	2.220033092e-05
2064	2.218521169e-05
2065	2.217436088e-05
2066	2.216225575e-05
2067	2.214238257e-05
2068	2.213174118e-05
2069	2.212388138e-05
2070	2.211279139e-05
2071	2.210548667e-05
2072	2.209830992e-05
2073	2.209139365e-05
2074	2.208329766e-05
2075	2.207220861e-05
2076	2.20519267e-05
2077	2.20374152e-05
2078	2.20274419e-05
2079	2.200938139e-05
2080	2.199679431e-05
2081	2.19842684e-05
2082	2.197443692e-05
2083	2.195446372e-05
2084	2.194540101e-05
2085	2.193364241e-05
2086	2.192115293e-05
2087	2.190181623e-05
2088	2.189513886e-05
2089	2.188612437e-05
2090	2.186642588e-05
2091	2.185795331e-05
2092	2.184813223e-05
2093	2.183873542e-05
2094	2.18223405e-05
2095	2.180091799e-05
2096	2.178957599e-05
2097	2.177176533e-05
2098	2.175938586e-05
2099	2.175042289e-05
2100	2.173962599e-05
2101	2.17245801e-05
2102	2.171951541e-05
2103	2.170839243e-05
2104	2.170082627e-05
2105	2.169337033e-05
2106	2.168696023e-05
2107	2.167709195e-05
2108	2.166451456e-05
2109	2.165515173e-05
2110	2.164288689e-05
2111	2.163435766e-05
2112	2.162459899e-05
2113	2.161419996e-05
2114	2.160750711e-05
2115	2.159751754e-05
2116	2.158318865e-05
2117	2.157531439e-05
2118	2.156343535e-05
2119	2.155392572e-05
2120	2.154524362e-05
2121	2.153594147e-05
2122	2.15275183e-05
2123	2.151170573e-05
2124	2.149733152e-05
2125	2.148557342e-05
2126	2.147590628e-05
2127	2.146312511e-05
2128	2.145226296e-05
2129	2.144486669e-05
2130	2.144047691e-05
2131	2.143092167e-05
2132	2.141316235e-05
2133	2.140504827e-05
2134	2.139840117e-05
2135	2.138725583e-05
2136	2.137837701e-05
2137	2.137067021e-05
2138	2.135259098e-05
2139	2.134546211e-05
2140	2.133360649e-05
2141	2.132717283e-05
2142	2.13199728e-05
2143	2.130517213e-05
2144	2.129677809e-05
2145	2.128497636e-05
2146	2.127550454e-05
2147	2.125619663e-05
2148	2.124859245e-05
2149	2.124135036e-05
2150	2.122899769e-05
2151	2.121727345e-05
2152	2.120580062e-05
2153	2.119569421e-05
2154	2.11907926e-05
2155	2.117744217e-05
2156	2.117000412e-05
2157	2.115504228e-05
2158	2.114531619e-05
2159	2.113774232e-05
2160	2.113294363e-05
2161	2.112303884e-05
2162	2.110915576e-05
2163	2.109398333e-05
2164	2.108640047e-05
2165	2.107739334e-05
2166	2.106929149e-05
2167	2.105412381e-05
2168	2.104115971e-05
2169	2.10348794e-05
2170	2.102656084e-05
2171	2.101454701e-05
2172	2.100003604e-05
2173	2.099304642e-05
2174	2.098478433e-05
2175	2.097009517e-05
2176	2.09648054e-05
2177	2.095450636e-05
2178	2.094599803e-05
2179	2.093601946e-05
2180	2.092386577e-05
2181	2.090984573e-05
2182	2.09029848e-05
2183	2.089481277e-05
2184	2.088433218e-05
2185	2.087160151e-05
2186	2.086135629e-05
2187	2.085743468e-05
2188	2.084603334e-05
2189	2.083457218e-05
2190	2.082310661e-05
2191	2.0813667e-05
2192	2.080624539e-05
2193	2.079388511e-05
2194	2.078365797e-05
2195	2.077045778e-05
2196	2.075222876e-05
2197	2.073537126e-05
2198	2.071816877e-05
2199	2.071326632e-05
2200	2.070655852e-05
2201	2.069899791e-05
2202	2.068156621e-05
2203	2.067329214e-05
2204	2.066182371e-05
2205	2.065442615e-05
2206	2.064270565e-05
2207	2.063415589e-05
2208	2.061744681e-05
2209	2.060613463e-05
2210	2.059759298e-05
2211	2.059164285e-05
2212	2.058190038e-05
2213	2.05734286e-05
2214	2.056916122e-05
2215	2.056062791e-05
2216	2.055386514e-05
2217	2.054916574e-05
2218	2.053884138e-05
2219	2.052940769e-05
2220	2.052001492e-05
2221	2.050355283e-05
2222	2.049510517e-05
2223	2.048486045e-05
2224	2.047891579e-05
2225	2.047328992e-05
2226	2.046349498e-05
2227	2.044515234e-05
2228	2.043748595e-05
2229	2.04322144e-05
2230	2.041998705e-05
2231	2.040933673e-05
2232	2.040479399e-05
2233	2.039390372e-05
2234	2.038495086e-05
2235	2.037614417e-05
2236	2.036537032e-05
2237	2.036145039e-05
2238	2.035560021e-05
2239	2.03472346e-05
2240	2.033946821e-05
2241	2.032602784e-05
2242	2.031633778e-05
2243	2.030798624e-05
2244	2.029544283e-05
2245	2.028306547e-05
2246	2.027255026e-05
2247	2.026335266e-05
2248	2.025406035e-05
2249	2.024950049e-05
2250	2.02430032e-05
2251	2.023333063e-05
2252	2.022243368e-05
2253	2.021073634e-05
2254	2.019442602e-05
2255	2.018535978e-05
2256	2.017979698e-05
2257	2.016934329e-05
2258	2.016162771e-05
2259	2.015311393e-05
2260	2.013753845e-05
2261	2.012599286e-05
2262	2.012006447e-05
2263	2.011315207e-05
2264	2.010488205e-05
2265	2.009736199e-05
2266	2.008691374e-05
2267	2.007992453e-05
2268	2.007026173e-05
2269	2.006341097e-05
2270	2.005793814e-05
2271	2.004649177e-05
2272	2.004134598e-05
2273	2.00248188e-05
2274	2.001835433e-05
2275	2.000909249e-05
2276	2.00034197e-05
2277	1.999562437e-05
2278	1.998592648e-05
2279	1.998144819e-05
2280	1.997366607e-05
2281	1.996796478e-05
2282	1.99580764e-05
2283	1.995001537e-05
2284	1.99425646e-05
